{
  "exact": 20.0,
  "f1": 30.592334494773517,
  "total": 5,
  "HasAns_exact": 20.0,
  "HasAns_f1": 30.592334494773517,
  "HasAns_total": 5,
  "best_exact": 20.0,
  "best_exact_thresh": 0.0,
  "best_f1": 30.592334494773517,
  "best_f1_thresh": 0.0
}