{
  "exact": 17.54385964912281,
  "f1": 22.381658302710935,
  "total": 228,
  "HasAns_exact": 17.54385964912281,
  "HasAns_f1": 22.381658302710935,
  "HasAns_total": 228,
  "best_exact": 17.54385964912281,
  "best_exact_thresh": 1.0,
  "best_f1": 22.381658302710928,
  "best_f1_thresh": 1.0
}