{
  "exact": 6.293706293706293,
  "f1": 8.849691239476812,
  "total": 143,
  "HasAns_exact": 6.293706293706293,
  "HasAns_f1": 8.849691239476812,
  "HasAns_total": 143,
  "best_exact": 6.293706293706293,
  "best_exact_thresh": 0.10000000149011612,
  "best_f1": 8.849691239476808,
  "best_f1_thresh": 0.949999988079071
}