{
  "exact": 0.0,
  "f1": 25.1403743315508,
  "total": 5,
  "HasAns_exact": 0.0,
  "HasAns_f1": 25.1403743315508,
  "HasAns_total": 5,
  "best_exact": 0.0,
  "best_exact_thresh": 0.0,
  "best_f1": 25.1403743315508,
  "best_f1_thresh": 0.8999999761581421
}