{
  "exact": 13.986013986013987,
  "f1": 24.046657716451545,
  "total": 143,
  "HasAns_exact": 13.986013986013987,
  "HasAns_f1": 24.046657716451545,
  "HasAns_total": 143,
  "best_exact": 13.986013986013987,
  "best_exact_thresh": 0.0,
  "best_f1": 24.046657716451545,
  "best_f1_thresh": 1.0
}