{
  "exact": 11.155378486055778,
  "f1": 14.409328378744831,
  "total": 753,
  "HasAns_exact": 11.155378486055778,
  "HasAns_f1": 14.409328378744831,
  "HasAns_total": 753,
  "best_exact": 11.155378486055778,
  "best_exact_thresh": 0.8999999761581421,
  "best_f1": 14.409328378744828,
  "best_f1_thresh": 0.8999999761581421
}