{
  "exact": 0.0,
  "f1": 21.114802510151346,
  "total": 5,
  "HasAns_exact": 0.0,
  "HasAns_f1": 21.114802510151346,
  "HasAns_total": 5,
  "best_exact": 0.0,
  "best_exact_thresh": 0.0,
  "best_f1": 21.114802510151346,
  "best_f1_thresh": 0.0
}