{
  "exact": 14.912280701754385,
  "f1": 19.19590643274854,
  "total": 228,
  "HasAns_exact": 14.912280701754385,
  "HasAns_f1": 19.19590643274854,
  "HasAns_total": 228,
  "best_exact": 14.912280701754385,
  "best_exact_thresh": 0.8999999761581421,
  "best_f1": 19.19590643274854,
  "best_f1_thresh": 0.8999999761581421
}