{
  "successful_queries": 5,
  "total_queries": 15,
  "success_rate": 0.3333333333333333,
  "queries_with_results": 1,
  "results_rate": 0.06666666666666667,
  "correct_queries": 0,
  "accuracy": 0.0,
  "total_elapsed_time_seconds": 77.68625391589012,
  "estimated_cost_usd": 0.04587719999999999
}