{
  "exact": 0.0,
  "f1": 18.352958000016823,
  "total": 5,
  "HasAns_exact": 0.0,
  "HasAns_f1": 18.352958000016823,
  "HasAns_total": 5,
  "best_exact": 0.0,
  "best_exact_thresh": 0.0,
  "best_f1": 18.35295800001682,
  "best_f1_thresh": 0.0
}