{
  "exact": 21.05263157894737,
  "f1": 27.5192542011764,
  "total": 228,
  "HasAns_exact": 21.05263157894737,
  "HasAns_f1": 27.5192542011764,
  "HasAns_total": 228,
  "best_exact": 21.05263157894737,
  "best_exact_thresh": 0.10000000149011612,
  "best_f1": 27.519254201176395,
  "best_f1_thresh": 0.8999999761581421
}