{
  "successful_queries": 5,
  "total_queries": 15,
  "success_rate": 0.3333333333333333,
  "queries_with_results": 4,
  "results_rate": 0.26666666666666666,
  "correct_queries": 0,
  "accuracy": 0.0,
  "total_elapsed_time_seconds": 75.19351583416574,
  "estimated_cost_usd": 0.033414
}