{
  "exact": 0.0,
  "f1": 1.818181818181818,
  "total": 5,
  "HasAns_exact": 0.0,
  "HasAns_f1": 1.818181818181818,
  "HasAns_total": 5,
  "best_exact": 0.0,
  "best_exact_thresh": 0.0,
  "best_f1": 1.818181818181818,
  "best_f1_thresh": 0.10000000149011612
}