{
  "exact": 19.736842105263158,
  "f1": 33.8420913571112,
  "total": 228,
  "HasAns_exact": 19.736842105263158,
  "HasAns_f1": 33.8420913571112,
  "HasAns_total": 228,
  "best_exact": 19.736842105263158,
  "best_exact_thresh": 0.10000000149011612,
  "best_f1": 33.8420913571112,
  "best_f1_thresh": 1.0
}